{"cameraMode":{"drawMode":0,"name":"Shaded","section":"Shading Mode"},"sceneLighting":false,"audioPlay":false,"sceneViewState":{"m_AlwaysRefresh":false,"showFog":true,"showSkybox":false,"showFlares":true,"showImageEffects":true,"showParticleSystems":true,"showVisualEffectGraphs":true,"m_FxEnabled":true},"in2DMode":false,"pivot":{"x":0.10942336916923523,"y":18.882305145263673,"z":3.2627921104431154},"rotation":{"x":0.12295350432395935,"y":0.027959011495113374,"z":-0.0034645891282707454,"w":0.9920506477355957},"size":5.816884994506836,"orthographic":false}